Environment_State,Opponent_Strategy,NPC_Action_Type,Sensory_Input_Level,Decision_Time,Policy_Confidence,Reward_Score,Human_Likeness_Score,Behavioral_Diversity
Stealth,Defensive,Hide,0.835,2.283,0.207,39.237,0.837,0.523
Combat,Balanced,Explore,0.982,1.006,0.889,67.636,0.323,0.024
Calm,Aggressive,Communicate,0.593,1.238,0.584,50.462,0.889,0.414
Stealth,Aggressive,Attack,0.226,0.427,0.779,82.991,0.161,0.299
Stealth,Aggressive,Communicate,0.69,1.836,0.423,60.044,0.173,0.748
Combat,Aggressive,Attack,0.356,0.381,0.704,70.143,0.267,0.208
Calm,Random,Defend,0.63,1.823,0.478,46.561,0.12,0.205
Calm,Aggressive,Attack,0.572,0.84,0.986,94.939,0.23,0.19
Stealth,Random,Hide,0.911,2.612,0.262,30.578,0.106,0.126
Chaotic,Random,Explore,0.73,1.346,0.863,69.349,0.822,0.311
Stealth,Aggressive,Defend,0.535,1.91,0.597,54.802,0.139,0.886
Stealth,Aggressive,Attack,0.456,0.207,0.709,70.298,0.747,0.775
Stealth,Defensive,Communicate,0.595,1.438,0.568,46.933,0.048,0.735
Stealth,Balanced,Defend,0.671,1.461,0.593,45.837,0.949,0.797
Combat,Aggressive,Defend,0.413,1.079,0.527,35.445,0.711,0.269
Calm,Defensive,Attack,0.46,0.896,0.815,73.624,0.007,0.887
Combat,Defensive,Defend,0.422,1.869,0.349,48.36,0.764,0.137
Combat,Balanced,Communicate,0.677,1.083,0.593,40.306,0.514,0.336
Combat,Random,Defend,0.495,1.416,0.494,53.349,0.779,0.587
Stealth,Aggressive,Communicate,0.686,1.907,0.488,43.648,0.522,0.103
Chaotic,Balanced,Attack,0.463,0.761,0.725,90.876,0.641,0.73
Calm,Aggressive,Explore,0.978,1.224,0.635,86.802,0.786,0.387
Chaotic,Defensive,Defend,0.792,1.365,0.494,42.485,0.405,0.784
Combat,Defensive,Explore,0.663,1.104,0.63,87.723,0.003,0.493
Combat,Random,Communicate,0.561,1.119,0.454,61.045,0.85,0.181
Chaotic,Defensive,Defend,0.565,1.581,0.401,45.365,0.381,0.735
Chaotic,Defensive,Hide,0.835,2.948,0.308,25.942,0.496,0.252
Chaotic,Balanced,Explore,0.774,1.103,0.6,85.154,0.008,0.491
Combat,Aggressive,Defend,0.423,1.324,0.53,32.022,0.492,0.076
Combat,Aggressive,Explore,0.687,0.81,0.838,64.102,0.986,0.618
Calm,Balanced,Defend,0.588,1.46,0.406,52.883,0.278,0.666
Calm,Random,Attack,0.338,0.491,0.951,90.179,0.395,0.379
Combat,Aggressive,Explore,0.77,1.377,0.737,85.282,0.687,0.954
Chaotic,Defensive,Hide,0.842,2.075,0.208,10.699,0.815,0.874
Chaotic,Aggressive,Hide,0.867,2.558,0.147,32.949,0.417,0.708
Calm,Defensive,Communicate,0.629,1.361,0.437,57.82,0.31,0.714
Combat,Random,Defend,0.541,1.525,0.513,44.099,0.938,0.252
Calm,Balanced,Explore,0.744,0.51,0.878,89.817,0.677,0.657
Calm,Aggressive,Communicate,0.599,1.412,0.471,44.248,0.119,0.198
Stealth,Balanced,Explore,0.809,1.079,0.617,69.564,0.069,0.144
Stealth,Aggressive,Defend,0.453,1.118,0.588,45.569,0.484,0.999
Stealth,Defensive,Hide,0.856,2.718,0.113,28.961,0.22,0.622
Chaotic,Balanced,Attack,0.582,0.692,0.955,88.875,0.254,0.431
Combat,Aggressive,Hide,0.9,2.324,0.377,36.431,0.878,0.288
Combat,Defensive,Communicate,0.651,1.275,0.519,63.067,0.09,0.604
Combat,Balanced,Attack,0.484,0.545,0.858,74.13,0.715,0.05
Combat,Balanced,Communicate,0.62,1.486,0.497,64.59,0.271,0.095
Stealth,Aggressive,Defend,0.424,1.362,0.367,38.762,0.76,0.033
Chaotic,Aggressive,Attack,0.469,0.372,0.89,79.442,0.722,0.499
Chaotic,Aggressive,Communicate,0.63,1.139,0.506,63.144,0.007,0.601
Stealth,Defensive,Defend,0.577,1.018,0.449,31.828,0.509,0.062
Chaotic,Aggressive,Hide,0.959,2.693,0.115,36.812,0.139,0.721
Stealth,Balanced,Defend,0.426,1.108,0.456,43.806,0.866,0.23
Combat,Balanced,Explore,0.925,0.887,0.886,71.987,0.872,0.685
Stealth,Aggressive,Defend,0.416,1.817,0.327,59.015,0.418,0.982
Combat,Aggressive,Defend,0.512,1.874,0.32,43.468,0.444,0.691
Combat,Random,Explore,0.691,1.301,0.885,80.421,0.303,0.883
Calm,Balanced,Communicate,0.6,1.798,0.459,55.66,0.717,0.948
Stealth,Defensive,Communicate,0.545,1.401,0.471,60.3,0.359,0.487
Calm,Random,Defend,0.52,1.704,0.536,37.838,0.268,0.702
Stealth,Aggressive,Explore,0.87,1.405,0.793,60.115,0.432,0.852
Stealth,Aggressive,Explore,0.681,1.462,0.874,89.449,0.091,0.357
Calm,Balanced,Hide,0.934,2.172,0.213,26.225,0.747,0.261
Calm,Aggressive,Communicate,0.576,1.316,0.458,55.31,0.013,0.947
Stealth,Defensive,Attack,0.4,0.774,0.788,78.632,0.644,0.726
Chaotic,Balanced,Communicate,0.608,1.874,0.557,42.617,0.183,0.22
Combat,Aggressive,Communicate,0.546,1.307,0.551,67.553,0.232,0.449
Calm,Balanced,Hide,0.997,2.951,0.299,35.575,0.636,0.796
Combat,Aggressive,Attack,0.293,0.55,0.915,73.447,0.993,0.547
Chaotic,Aggressive,Hide,0.927,2.891,0.197,17.801,0.778,0.65
Chaotic,Aggressive,Attack,0.424,0.41,0.848,87.812,0.226,0.754
Chaotic,Defensive,Defend,0.648,1.91,0.447,49.089,0.176,0.622
Calm,Defensive,Attack,0.379,0.532,0.905,76.623,0.866,0.54
Chaotic,Balanced,Hide,0.919,2.316,0.324,18.218,0.444,0.75
Calm,Aggressive,Communicate,0.674,1.288,0.513,58.569,0.137,0.728
Chaotic,Aggressive,Attack,0.58,0.998,0.97,86.131,0.862,0.63
Combat,Defensive,Attack,0.32,0.354,0.834,79.802,0.816,0.36
Combat,Aggressive,Explore,0.955,1.023,0.741,81.776,0.984,0.406
Stealth,Defensive,Communicate,0.64,1.819,0.434,64.509,0.91,0.97
Combat,Aggressive,Defend,0.616,1.637,0.575,47.923,0.852,0.112
Stealth,Balanced,Hide,0.838,2.475,0.232,24.13,0.053,0.269
Combat,Aggressive,Defend,0.407,1.49,0.523,41.283,0.104,0.492
Calm,Aggressive,Communicate,0.661,1.509,0.578,62.033,0.569,0.837
Combat,Random,Attack,0.349,0.718,0.913,96.942,0.531,0.164
Stealth,Defensive,Attack,0.563,0.805,0.937,91.769,0.458,0.277
Stealth,Aggressive,Communicate,0.518,1.749,0.409,62.324,0.397,0.066
Chaotic,Aggressive,Attack,0.506,0.679,0.776,97.607,0.431,0.706
Calm,Random,Attack,0.316,0.915,0.911,71.882,0.569,0.238
Combat,Random,Attack,0.384,0.399,0.933,97.742,0.002,0.389
Chaotic,Defensive,Hide,0.851,2.364,0.218,19.565,0.261,0.444
Combat,Random,Hide,0.86,2.487,0.375,11.155,0.518,0.891
Combat,Balanced,Explore,0.683,0.506,0.827,61.697,0.722,0.411
Chaotic,Random,Defend,0.711,1.079,0.518,48.582,0.174,0.145
Chaotic,Balanced,Communicate,0.569,1.074,0.496,48.794,0.547,0.524
Chaotic,Defensive,Communicate,0.525,1.845,0.559,50.566,0.714,0.963
Chaotic,Defensive,Communicate,0.502,1.386,0.428,47.185,0.445,0.608
Chaotic,Defensive,Explore,0.797,0.892,0.636,75.573,0.027,0.983
Combat,Defensive,Hide,0.93,2.944,0.125,20.557,0.449,0.841
Chaotic,Defensive,Explore,0.834,0.571,0.672,84.579,0.296,0.036
Calm,Balanced,Communicate,0.612,1.288,0.497,46.971,0.93,0.658
Stealth,Balanced,Defend,0.745,1.204,0.308,47.73,0.125,0.287
Chaotic,Defensive,Attack,0.559,0.461,0.801,97.654,0.652,0.56
Chaotic,Random,Hide,0.822,2.076,0.214,17.726,0.053,0.279
Combat,Aggressive,Hide,0.962,2.649,0.156,38.867,0.446,0.349
Chaotic,Defensive,Explore,0.84,1.358,0.627,68.468,0.554,0.923
Chaotic,Random,Hide,0.831,2.808,0.216,32.598,0.298,0.207
Chaotic,Aggressive,Communicate,0.676,1.727,0.566,50.796,0.455,0.874
Combat,Defensive,Communicate,0.518,1.404,0.463,41.133,0.164,0.03
Chaotic,Defensive,Explore,0.652,1.092,0.633,76.196,0.304,0.091
Stealth,Balanced,Communicate,0.53,1.093,0.597,44.985,0.621,0.855
Combat,Aggressive,Defend,0.596,1.233,0.339,39.243,0.302,0.631
Stealth,Aggressive,Explore,0.721,0.536,0.606,77.449,0.9,0.747
Combat,Random,Defend,0.621,1.836,0.304,49.344,0.628,0.209
Chaotic,Balanced,Attack,0.427,0.312,0.858,72.094,0.439,0.537
Stealth,Balanced,Defend,0.519,1.755,0.456,47.679,0.039,0.737
Combat,Balanced,Attack,0.539,0.562,0.97,75.328,0.5,0.627
Calm,Balanced,Attack,0.439,0.642,0.99,89.8,0.765,0.472
Chaotic,Aggressive,Defend,0.511,1.525,0.591,50.994,0.266,0.96
Combat,Aggressive,Explore,0.686,0.905,0.622,82.42,0.807,0.676
Calm,Defensive,Communicate,0.505,1.18,0.581,49.363,0.252,0.908
Combat,Defensive,Communicate,0.52,1.961,0.575,40.405,0.824,0.73
Calm,Balanced,Attack,0.365,0.367,0.91,74.388,0.085,0.735
Chaotic,Balanced,Attack,0.247,0.297,0.705,90.69,0.866,0.08
Stealth,Balanced,Explore,0.873,0.526,0.699,68.667,0.499,0.359
Calm,Defensive,Hide,0.861,2.005,0.341,18.449,0.297,0.858
Combat,Random,Defend,0.541,1.661,0.503,33.35,0.265,0.233
Chaotic,Random,Attack,0.566,0.694,0.833,85.294,0.432,0.116
Calm,Defensive,Communicate,0.692,1.938,0.521,50.769,0.999,0.326
Combat,Defensive,Explore,0.954,1.123,0.78,62.432,0.22,0.22
Combat,Defensive,Defend,0.628,1.75,0.456,39.652,0.103,0.925
Combat,Defensive,Explore,0.66,0.557,0.707,85.598,0.585,0.868
Calm,Defensive,Defend,0.589,1.958,0.334,54.071,0.489,0.5
Calm,Defensive,Defend,0.574,1.001,0.376,39.671,0.524,0.061
Calm,Balanced,Attack,0.45,0.493,0.795,99.765,0.667,0.715
Stealth,Balanced,Explore,0.777,0.709,0.855,64.773,0.267,0.623
Calm,Balanced,Explore,0.926,1.301,0.885,68.922,0.911,0.971
Calm,Balanced,Communicate,0.614,1.807,0.54,52.821,0.436,0.559
Calm,Defensive,Communicate,0.517,1.657,0.465,60.327,0.129,0.336
Stealth,Random,Attack,0.557,0.651,0.747,91.571,0.742,0.519
Calm,Aggressive,Attack,0.564,0.573,0.729,76.303,0.643,0.979
Combat,Defensive,Hide,0.814,2.088,0.375,13.326,0.316,0.696
Calm,Aggressive,Communicate,0.675,1.35,0.437,46.898,0.622,0.672
Combat,Random,Defend,0.537,1.119,0.552,43.585,0.22,0.241
Combat,Balanced,Explore,0.668,0.817,0.726,86.348,0.445,0.744
Combat,Random,Attack,0.581,0.732,0.946,82.198,0.899,0.75
Stealth,Defensive,Explore,0.864,0.566,0.675,65.329,0.134,0.317
Stealth,Balanced,Explore,0.796,0.63,0.601,74.014,0.387,0.484
Stealth,Defensive,Hide,0.855,2.846,0.282,14.463,0.821,0.295
Calm,Balanced,Communicate,0.579,1.871,0.485,47.345,0.969,0.259
Combat,Aggressive,Attack,0.251,0.309,0.977,87.039,0.454,0.026
Stealth,Aggressive,Explore,0.731,0.647,0.619,67.789,0.507,0.285
Stealth,Aggressive,Attack,0.484,0.301,0.828,88.533,0.572,0.554
Calm,Random,Defend,0.661,1.717,0.515,40.197,0.932,0.002
Stealth,Defensive,Hide,0.804,2.498,0.212,13.035,0.858,0.283
Calm,Random,Defend,0.669,1.342,0.53,40.22,0.171,0.881
Chaotic,Aggressive,Attack,0.211,0.652,0.95,92.094,0.437,0.594
Stealth,Defensive,Attack,0.392,0.392,0.848,90.369,0.464,0.608
Chaotic,Aggressive,Communicate,0.66,1.272,0.527,69.603,0.789,0.403
Calm,Random,Explore,0.78,1.099,0.869,66.835,0.603,0.676
Combat,Random,Explore,0.73,1.435,0.766,76.734,0.654,0.19
Stealth,Random,Defend,0.497,1.998,0.425,31.518,0.998,0.819
Calm,Aggressive,Hide,0.958,2.022,0.337,14.352,0.075,0.117
Combat,Defensive,Explore,0.823,1.469,0.843,89.107,0.223,0.656
Combat,Defensive,Communicate,0.566,1.615,0.579,46.819,0.408,0.341
Chaotic,Aggressive,Defend,0.664,1.079,0.319,48.316,0.348,0.748
Calm,Defensive,Defend,0.752,1.835,0.508,44.415,0.022,0.55
Combat,Aggressive,Communicate,0.695,1.13,0.552,42.874,0.092,0.452
Stealth,Defensive,Hide,0.874,2.225,0.239,22.474,0.681,0.169
Stealth,Balanced,Communicate,0.599,1.395,0.412,42.209,0.879,0.637
Chaotic,Balanced,Hide,0.985,2.968,0.199,30.416,0.514,0.975
Combat,Random,Communicate,0.573,1.376,0.518,61.545,0.539,0.826
Calm,Balanced,Communicate,0.521,1.743,0.413,56.398,0.255,0.06
Stealth,Balanced,Attack,0.253,0.819,0.907,84.948,0.768,0.376
Combat,Balanced,Defend,0.469,1.362,0.437,56.579,0.752,0.926
Combat,Aggressive,Communicate,0.685,1.358,0.48,48.046,0.588,0.503
Chaotic,Balanced,Communicate,0.684,1.709,0.467,69.384,0.213,0.662
Stealth,Balanced,Explore,0.655,0.903,0.879,78.419,0.097,0.913
Stealth,Random,Defend,0.492,1.425,0.449,40.819,0.064,0.874
Calm,Balanced,Explore,0.632,1.373,0.759,62.736,0.593,0.502
Stealth,Balanced,Defend,0.441,1.371,0.585,38.58,0.825,0.438
Calm,Defensive,Explore,0.938,0.984,0.828,76.866,0.858,0.34
Stealth,Random,Communicate,0.635,1.835,0.493,57.225,0.464,0.719
Chaotic,Random,Communicate,0.53,1.18,0.498,63.395,0.784,0.287
Stealth,Random,Attack,0.39,0.339,0.898,73.103,0.947,0.25
Calm,Random,Explore,0.675,1.358,0.841,60.991,0.275,0.356
Calm,Random,Hide,0.836,2.863,0.131,25.741,0.398,0.177
Chaotic,Random,Attack,0.457,0.201,0.883,81.161,0.931,0.695
Stealth,Aggressive,Explore,0.756,0.728,0.852,89.209,0.338,0.616
Stealth,Balanced,Explore,0.936,1.223,0.753,79.804,0.914,0.483
Chaotic,Random,Attack,0.416,0.926,0.979,92.608,0.981,0.39
Stealth,Balanced,Communicate,0.61,1.646,0.549,58.495,0.662,0.909
Stealth,Balanced,Explore,0.604,1.071,0.817,72.246,0.817,0.029
Calm,Aggressive,Communicate,0.684,1.014,0.45,40.961,0.75,0.769
Stealth,Random,Attack,0.466,0.46,0.753,92.614,0.7,0.902
Stealth,Defensive,Communicate,0.673,1.633,0.431,46.31,0.307,0.446
Chaotic,Aggressive,Defend,0.529,1.433,0.385,52.035,0.057,0.551
Chaotic,Defensive,Hide,0.833,2.715,0.303,24.438,0.343,0.944
Combat,Balanced,Explore,0.627,0.614,0.659,72.491,0.667,0.212
Calm,Balanced,Hide,0.863,2.741,0.345,19.092,0.103,0.52
Stealth,Aggressive,Communicate,0.582,1.93,0.52,55.224,0.012,0.475
Stealth,Aggressive,Explore,0.835,0.522,0.655,83.945,0.14,0.258
Combat,Defensive,Communicate,0.663,1.63,0.583,42.084,0.716,0.819
Stealth,Random,Defend,0.737,1.93,0.337,57.824,0.973,0.9
Calm,Defensive,Attack,0.281,0.677,0.837,83.164,0.983,0.782
Combat,Aggressive,Explore,0.837,1.407,0.793,65.695,0.494,0.195
Calm,Defensive,Defend,0.441,1.157,0.37,34.381,0.869,0.087
Combat,Aggressive,Defend,0.739,1.175,0.439,48.778,0.737,0.605
Combat,Defensive,Explore,0.806,1.145,0.681,72.474,0.501,0.057
Chaotic,Aggressive,Communicate,0.514,1.579,0.404,52.351,0.573,0.673
Calm,Aggressive,Defend,0.418,1.986,0.319,32.304,0.137,0.53
Stealth,Aggressive,Hide,0.957,2.229,0.106,21.127,0.938,0.663
Stealth,Random,Defend,0.698,1.678,0.442,51.057,0.352,0.59
Calm,Defensive,Communicate,0.529,1.11,0.472,42.408,0.446,0.423
Stealth,Defensive,Communicate,0.604,1.115,0.474,68.181,0.672,0.201
Stealth,Defensive,Hide,0.974,2.144,0.134,31.034,0.334,0.306
Calm,Aggressive,Defend,0.492,1.758,0.521,52.98,0.254,0.525
Combat,Defensive,Communicate,0.593,1.105,0.579,46.246,0.631,0.652
Calm,Defensive,Explore,0.794,0.913,0.602,89.162,0.025,0.779
Combat,Aggressive,Attack,0.599,0.416,0.889,87.425,0.721,0.767
Stealth,Balanced,Attack,0.281,0.336,0.811,71.902,0.514,0.973
Stealth,Aggressive,Attack,0.299,0.67,0.945,95.749,0.606,0.286
Stealth,Defensive,Defend,0.486,1.72,0.577,43.682,0.632,0.071
Chaotic,Aggressive,Hide,0.832,2.335,0.26,36.01,0.527,0.346
Combat,Balanced,Communicate,0.662,1.972,0.532,63.053,0.583,0.743
Chaotic,Aggressive,Explore,0.632,0.968,0.89,87.324,0.684,0.438
Chaotic,Defensive,Explore,0.963,1.389,0.662,72.268,0.753,0.818
Calm,Balanced,Defend,0.54,1.207,0.588,38.933,0.727,0.549
Chaotic,Random,Attack,0.42,0.367,0.85,82.68,0.87,0.93
Calm,Defensive,Defend,0.768,1.662,0.356,50.738,0.189,0.948
Calm,Balanced,Hide,0.876,2.497,0.104,38.355,0.401,0.069
Chaotic,Balanced,Hide,0.968,2.973,0.291,39.01,0.948,0.456
Combat,Random,Communicate,0.623,1.566,0.534,62.583,0.397,0.61
Combat,Aggressive,Communicate,0.541,1.186,0.483,49.972,0.125,0.256
Combat,Aggressive,Hide,0.856,2.243,0.171,30.99,0.525,0.407
Combat,Defensive,Hide,0.981,2.756,0.3,19.364,0.109,0.678
Combat,Random,Hide,0.973,2.694,0.331,34.707,0.203,0.227
Chaotic,Aggressive,Defend,0.599,1.332,0.326,58.675,0.998,0.602
Chaotic,Random,Hide,0.807,2.781,0.294,38.662,0.541,0.697
Stealth,Aggressive,Explore,0.669,1.444,0.761,65.029,0.284,0.09
Combat,Balanced,Attack,0.571,0.832,0.967,76.123,0.995,0.498
Chaotic,Aggressive,Hide,0.937,2.997,0.392,35.448,0.967,0.263
Stealth,Random,Attack,0.237,0.611,0.84,72.839,0.441,0.724
Combat,Balanced,Defend,0.659,1.403,0.524,43.175,0.26,0.19
Calm,Balanced,Attack,0.472,0.573,0.805,84.628,0.838,0.892
Stealth,Balanced,Defend,0.568,1.123,0.517,38.804,0.716,0.431
Chaotic,Random,Explore,0.974,1.08,0.626,83.422,0.687,0.198
Calm,Defensive,Defend,0.519,1.913,0.537,37.199,0.893,0.438
Calm,Defensive,Defend,0.774,1.009,0.404,51.895,0.689,0.409
Calm,Defensive,Communicate,0.612,1.843,0.466,44.652,0.284,0.429
Stealth,Random,Hide,0.888,2.695,0.236,29.145,0.694,0.586
Chaotic,Balanced,Hide,0.913,2.958,0.109,19.463,0.306,0.521
Calm,Defensive,Explore,0.975,0.611,0.816,72.297,0.759,0.15
Combat,Random,Explore,0.914,1.204,0.764,60.607,0.62,0.066
Calm,Defensive,Hide,0.867,2.897,0.273,17.832,0.077,0.729
Calm,Aggressive,Communicate,0.543,1.384,0.562,66.396,0.513,0.56
Stealth,Defensive,Hide,0.947,2.319,0.394,22.601,0.343,0.359
Stealth,Defensive,Communicate,0.678,1.883,0.464,55.004,0.329,0.808
Chaotic,Balanced,Explore,0.619,0.509,0.854,76.752,0.602,0.388
Combat,Random,Attack,0.452,0.243,0.921,96.757,0.322,0.796
Stealth,Balanced,Explore,0.654,1.063,0.874,62.917,0.777,0.306
Calm,Balanced,Explore,0.841,1.495,0.635,63.069,0.071,0.073
Chaotic,Balanced,Defend,0.757,1.673,0.352,38.703,0.66,0.933
Calm,Balanced,Defend,0.622,1.433,0.306,55.743,0.809,0.395
Calm,Balanced,Defend,0.477,1.141,0.521,37.22,0.673,0.793
Stealth,Defensive,Defend,0.467,1.248,0.331,58.972,0.497,0.279
Chaotic,Balanced,Communicate,0.51,1.303,0.489,47.229,0.95,0.646
Combat,Balanced,Hide,0.804,2.977,0.131,15.52,0.3,0.873
Combat,Random,Attack,0.312,0.591,0.705,75.322,0.019,0.042
Stealth,Aggressive,Explore,0.957,1.409,0.661,87.372,0.432,0.831
Stealth,Defensive,Communicate,0.611,1.459,0.514,49.059,0.033,0.571
Chaotic,Defensive,Attack,0.326,0.748,0.969,72.504,0.954,0.607
Combat,Defensive,Communicate,0.692,1.193,0.492,44.044,0.21,0.523
Combat,Balanced,Communicate,0.518,1.435,0.536,57.167,0.789,0.874
Combat,Balanced,Explore,0.878,0.975,0.855,88.866,0.775,0.043
Calm,Balanced,Hide,0.835,2.286,0.184,27.124,0.218,0.261
Combat,Random,Defend,0.761,1.307,0.415,57.915,0.621,0.876
Calm,Aggressive,Hide,0.934,2.323,0.124,22.502,0.048,0.752
Chaotic,Balanced,Explore,0.625,0.55,0.896,72.643,0.484,0.018
Calm,Aggressive,Explore,0.73,1.112,0.652,68.294,0.015,0.517
Chaotic,Random,Explore,0.871,1.469,0.743,88.207,0.921,0.53
Combat,Defensive,Attack,0.415,0.446,0.831,91.728,0.976,0.401
Combat,Balanced,Hide,0.931,2.403,0.285,18.61,0.222,0.297
Chaotic,Aggressive,Hide,0.841,2.265,0.377,34.293,0.208,0.682
Stealth,Aggressive,Communicate,0.618,1.05,0.551,42.202,0.754,0.208
Chaotic,Balanced,Communicate,0.56,1.698,0.539,54.918,0.253,0.799
Stealth,Defensive,Communicate,0.573,1.257,0.564,47.099,0.895,0.803
Calm,Defensive,Explore,0.822,0.502,0.673,62.043,0.574,0.415
Calm,Defensive,Hide,0.962,2.016,0.262,26.143,0.351,0.284
Calm,Random,Explore,0.869,1.3,0.776,65.091,0.833,0.284
Combat,Aggressive,Attack,0.226,0.954,0.964,87.714,0.493,0.482
Calm,Aggressive,Communicate,0.634,1.495,0.518,53.582,0.912,0.72
Stealth,Aggressive,Explore,0.971,1.074,0.788,82.614,0.928,0.359
Calm,Random,Explore,0.864,0.883,0.658,63.519,0.165,0.61
Chaotic,Aggressive,Attack,0.453,0.616,0.946,89.493,0.002,0.382
Chaotic,Random,Defend,0.698,1.473,0.507,39.897,0.984,0.305
Combat,Defensive,Hide,0.961,2.282,0.11,25.316,0.906,0.025
Chaotic,Balanced,Defend,0.757,1.921,0.597,44.217,0.055,0.004
Stealth,Aggressive,Communicate,0.608,1.146,0.591,51.873,0.833,0.227
Calm,Aggressive,Explore,0.84,1.38,0.893,65.639,0.458,0.406
Combat,Defensive,Attack,0.359,0.32,0.975,81.752,0.259,0.851
Calm,Balanced,Attack,0.371,0.363,0.827,90.365,0.879,0.798
Calm,Random,Hide,0.929,2.695,0.371,39.176,0.197,0.267
Stealth,Balanced,Defend,0.715,1.506,0.446,40.586,0.947,0.245
Chaotic,Defensive,Hide,0.826,2.073,0.16,39.706,0.206,0.227
Chaotic,Defensive,Explore,0.896,1.111,0.875,76.287,0.614,0.339
Calm,Balanced,Hide,0.937,2.092,0.386,31.568,0.223,0.498
Combat,Random,Attack,0.29,0.324,0.76,74.344,0.546,0.439
Chaotic,Random,Attack,0.229,0.297,0.9,93.619,0.684,0.218
Combat,Aggressive,Communicate,0.588,1.488,0.443,61.424,0.19,0.13
Chaotic,Random,Communicate,0.554,1.145,0.548,51.369,0.521,0.013
Combat,Balanced,Explore,0.691,1.095,0.757,77.578,0.469,0.154
Stealth,Defensive,Defend,0.433,1.168,0.482,51.349,0.071,0.705
Combat,Aggressive,Hide,0.984,2.858,0.324,27.853,0.818,0.244
Stealth,Aggressive,Explore,0.905,1.25,0.603,81.923,0.336,0.469
Stealth,Defensive,Communicate,0.644,1.32,0.575,57.892,0.575,0.591
Combat,Random,Hide,0.954,2.007,0.182,21.38,0.515,0.887
Stealth,Defensive,Communicate,0.687,1.703,0.462,58.144,0.513,0.889
Calm,Random,Hide,0.969,2.486,0.223,24.747,0.107,0.746
Stealth,Defensive,Defend,0.573,1.811,0.462,46.691,0.423,0.035
Chaotic,Balanced,Explore,0.901,0.932,0.689,82.544,0.452,0.575
Combat,Random,Hide,0.98,2.83,0.223,37.626,0.734,0.787
Calm,Balanced,Attack,0.357,0.265,0.917,78.07,0.84,0.017
Combat,Aggressive,Attack,0.412,0.704,0.735,79.391,0.545,0.55
Chaotic,Defensive,Hide,0.933,2.983,0.364,28.212,0.087,0.858
Chaotic,Aggressive,Hide,0.922,2.082,0.222,34.779,0.237,0.474
Chaotic,Aggressive,Hide,1.0,2.818,0.213,29.97,0.165,0.004
Stealth,Aggressive,Attack,0.396,0.767,0.777,91.805,0.125,0.011
Stealth,Aggressive,Attack,0.411,0.408,0.785,94.993,0.366,0.417
Combat,Defensive,Hide,0.917,2.026,0.32,33.338,0.229,0.155
Combat,Aggressive,Communicate,0.679,1.126,0.587,61.459,0.218,0.664
Calm,Defensive,Communicate,0.578,1.852,0.562,55.841,0.055,0.709
Calm,Defensive,Defend,0.46,1.801,0.517,54.31,0.018,0.178
Combat,Balanced,Explore,0.939,1.074,0.878,82.11,0.103,0.889
Stealth,Random,Communicate,0.586,1.251,0.446,42.815,0.172,0.442
Chaotic,Random,Attack,0.42,0.294,0.768,79.768,0.431,0.143
Combat,Defensive,Communicate,0.632,1.461,0.403,43.73,0.511,0.764
Calm,Balanced,Defend,0.495,1.267,0.304,51.869,0.141,0.79
Stealth,Defensive,Defend,0.615,1.765,0.33,36.678,0.425,0.639
Combat,Defensive,Explore,0.935,1.315,0.848,68.01,0.342,0.853
Combat,Defensive,Communicate,0.582,1.185,0.533,55.186,0.183,0.737
Stealth,Balanced,Attack,0.565,0.878,0.828,87.237,0.007,0.882
Combat,Random,Attack,0.344,0.494,0.803,71.176,0.467,0.434
Stealth,Balanced,Hide,0.942,2.196,0.365,35.866,0.686,0.748
Chaotic,Aggressive,Attack,0.236,0.792,0.703,99.874,0.226,1.0
Stealth,Balanced,Explore,0.796,0.878,0.619,66.59,0.132,0.725
Stealth,Balanced,Explore,0.897,1.384,0.695,86.598,0.887,0.114
Stealth,Balanced,Attack,0.583,0.51,0.701,71.407,0.275,0.518
Combat,Balanced,Attack,0.373,0.782,0.751,83.801,0.224,0.587
Combat,Random,Hide,0.965,2.225,0.209,32.664,0.857,0.174
Stealth,Aggressive,Attack,0.47,0.543,0.992,88.124,0.817,0.963
Combat,Random,Hide,0.937,2.084,0.205,19.594,0.448,0.176
Calm,Random,Hide,0.935,2.441,0.218,22.531,0.489,0.178
Calm,Balanced,Attack,0.463,0.946,0.939,99.839,0.218,0.915
Combat,Defensive,Defend,0.607,1.23,0.523,52.752,0.078,0.465
Combat,Defensive,Defend,0.701,1.908,0.408,46.851,0.573,0.063
Stealth,Random,Hide,0.841,2.167,0.367,36.587,0.098,0.598
Chaotic,Random,Attack,0.408,0.261,0.848,79.406,0.449,0.602
Combat,Balanced,Defend,0.468,1.479,0.53,54.384,0.94,0.065
Calm,Random,Attack,0.415,0.309,0.909,89.429,0.953,0.973
Stealth,Balanced,Attack,0.574,0.236,0.818,73.18,0.239,0.544
Combat,Defensive,Attack,0.235,0.972,0.92,72.757,0.624,0.56
Calm,Defensive,Communicate,0.605,1.238,0.567,57.662,0.474,0.52
Calm,Aggressive,Attack,0.244,0.636,0.824,84.075,0.876,0.611
Chaotic,Defensive,Communicate,0.563,1.651,0.499,51.894,0.271,0.264
Stealth,Random,Hide,0.952,2.867,0.116,35.709,0.004,0.287
Stealth,Defensive,Defend,0.468,1.515,0.344,38.835,0.163,0.511
Chaotic,Balanced,Defend,0.799,1.592,0.48,50.74,0.35,0.807
Chaotic,Defensive,Defend,0.41,1.748,0.428,44.882,0.316,0.05
Stealth,Aggressive,Defend,0.408,1.862,0.302,53.925,0.791,0.603
Stealth,Defensive,Defend,0.545,1.445,0.349,41.412,0.681,0.807
Combat,Balanced,Defend,0.737,1.256,0.354,54.75,0.3,0.157
Combat,Balanced,Defend,0.658,1.087,0.312,32.992,0.458,0.015
Chaotic,Random,Hide,0.83,2.72,0.187,37.514,0.096,0.313
Combat,Defensive,Attack,0.348,0.935,0.81,99.418,0.898,0.588
Calm,Balanced,Explore,0.698,1.182,0.737,85.402,0.935,0.138
Combat,Aggressive,Communicate,0.553,1.675,0.55,43.223,0.98,0.426
Combat,Random,Explore,0.807,1.461,0.703,78.832,0.869,0.552
Calm,Aggressive,Explore,0.753,1.011,0.81,72.191,0.174,0.599
Chaotic,Defensive,Attack,0.305,0.661,0.896,98.995,0.046,0.274
Calm,Defensive,Attack,0.415,0.606,0.765,97.777,0.58,0.4
Combat,Defensive,Attack,0.419,0.624,0.989,75.666,0.913,0.778
Chaotic,Random,Defend,0.404,1.36,0.514,52.161,0.177,0.941
Combat,Balanced,Hide,0.878,2.342,0.208,22.483,0.007,0.862
Calm,Random,Defend,0.566,1.698,0.57,35.38,0.805,0.564
Calm,Aggressive,Hide,0.977,2.729,0.364,26.375,0.077,0.41
Combat,Random,Hide,0.967,2.411,0.193,38.248,0.414,0.333
Stealth,Aggressive,Explore,0.613,1.293,0.664,71.722,0.679,0.125
Stealth,Random,Explore,0.66,1.277,0.694,77.459,0.237,0.107
Calm,Balanced,Hide,0.84,2.14,0.118,28.759,0.084,0.688
Calm,Aggressive,Hide,0.994,2.223,0.173,18.672,0.77,0.26
Stealth,Defensive,Defend,0.772,1.17,0.514,33.027,0.63,0.255
Stealth,Defensive,Defend,0.648,1.613,0.56,52.328,0.988,0.998
Combat,Random,Explore,0.928,0.746,0.643,76.105,0.344,0.188
Combat,Defensive,Attack,0.282,0.27,0.843,75.505,0.062,0.148
Stealth,Aggressive,Hide,0.982,2.201,0.299,15.949,0.734,0.099
Combat,Defensive,Defend,0.402,1.476,0.546,52.94,0.522,0.58
Combat,Balanced,Explore,0.811,1.203,0.718,75.811,0.213,0.628
Chaotic,Balanced,Defend,0.789,1.988,0.32,40.298,0.782,0.365
Combat,Random,Hide,0.906,2.336,0.131,26.835,0.204,0.535
Calm,Aggressive,Hide,1.0,2.854,0.255,12.154,0.261,0.788
Combat,Balanced,Communicate,0.598,1.508,0.442,64.37,0.093,0.818
Combat,Balanced,Attack,0.341,0.567,0.759,90.962,0.399,0.958
Stealth,Aggressive,Communicate,0.639,1.916,0.556,53.796,0.419,0.824
Calm,Defensive,Explore,0.898,0.719,0.713,76.242,0.515,0.565
Combat,Defensive,Defend,0.654,1.18,0.521,41.18,0.709,0.18
Combat,Random,Explore,0.839,1.084,0.605,79.973,0.906,0.1
Chaotic,Defensive,Hide,0.874,2.227,0.391,19.042,0.138,0.055
Combat,Aggressive,Communicate,0.591,1.883,0.41,54.139,0.054,0.667
Combat,Balanced,Communicate,0.506,1.596,0.403,62.969,0.019,0.808
Chaotic,Defensive,Communicate,0.674,1.533,0.454,66.698,0.144,0.509
Stealth,Random,Explore,0.663,0.721,0.615,85.945,0.658,0.055
Combat,Defensive,Hide,0.957,2.138,0.317,34.693,0.727,0.535
Chaotic,Aggressive,Defend,0.735,1.833,0.437,36.249,0.787,0.936
Calm,Random,Defend,0.573,1.734,0.429,53.395,0.244,0.598
Stealth,Defensive,Explore,0.783,1.054,0.633,61.681,0.306,0.809
Calm,Random,Communicate,0.504,1.626,0.441,62.931,0.483,0.8
Calm,Aggressive,Attack,0.506,0.581,0.872,96.591,0.063,0.932
Chaotic,Balanced,Explore,0.79,0.879,0.74,64.722,0.611,0.77
Combat,Aggressive,Explore,0.616,0.525,0.844,69.85,0.984,0.748
Chaotic,Aggressive,Hide,0.989,2.291,0.186,20.384,0.361,0.234
Chaotic,Aggressive,Defend,0.792,1.554,0.561,38.931,0.753,0.06
Chaotic,Aggressive,Explore,0.901,1.014,0.659,73.138,0.5,0.518
Chaotic,Balanced,Explore,0.815,1.039,0.822,79.486,0.128,0.124
Stealth,Balanced,Communicate,0.682,1.25,0.41,43.464,0.582,0.962
Combat,Random,Communicate,0.561,1.651,0.593,60.981,0.3,0.29
Calm,Defensive,Attack,0.471,0.626,0.823,85.62,0.034,0.853
Calm,Balanced,Hide,0.971,2.564,0.221,32.512,0.635,0.388
Combat,Balanced,Attack,0.354,0.994,0.857,81.112,0.859,0.323
Calm,Defensive,Communicate,0.682,1.898,0.538,55.692,0.345,0.935
Combat,Balanced,Defend,0.449,1.233,0.418,46.767,0.39,0.363
Calm,Aggressive,Communicate,0.627,1.994,0.537,69.811,0.891,0.39
Chaotic,Aggressive,Hide,0.854,2.115,0.17,14.211,0.814,0.106
Calm,Defensive,Communicate,0.596,1.604,0.44,54.241,0.715,0.67
Combat,Random,Hide,0.814,2.003,0.371,25.158,0.249,0.289
Combat,Random,Hide,0.937,2.529,0.291,23.936,0.91,0.586
Combat,Defensive,Hide,0.971,2.678,0.392,20.595,0.154,0.591
Combat,Defensive,Hide,0.865,2.979,0.176,38.775,0.627,0.719
Combat,Aggressive,Hide,0.83,2.59,0.26,11.636,0.029,0.745
Stealth,Random,Defend,0.543,1.213,0.348,35.839,0.644,0.514
Stealth,Balanced,Attack,0.294,0.938,0.708,86.76,0.277,0.331
Calm,Aggressive,Explore,0.809,0.605,0.666,80.271,0.45,0.837
Combat,Defensive,Attack,0.446,0.614,0.722,88.174,0.345,0.31
Calm,Random,Hide,0.953,2.422,0.204,11.18,0.173,0.508
Combat,Balanced,Defend,0.574,1.156,0.561,38.923,0.622,0.401
Combat,Balanced,Communicate,0.66,1.091,0.445,63.829,0.882,0.855
Stealth,Aggressive,Defend,0.566,1.975,0.45,40.846,0.959,0.432
Stealth,Random,Hide,0.934,2.887,0.332,13.829,0.192,0.386
Chaotic,Random,Defend,0.661,1.768,0.47,49.064,0.717,0.69
Stealth,Defensive,Defend,0.717,1.838,0.395,44.836,0.664,0.602
Chaotic,Random,Hide,0.861,2.252,0.301,27.858,0.343,0.107
Chaotic,Random,Defend,0.559,1.19,0.408,35.132,0.019,0.508
Chaotic,Aggressive,Explore,0.693,1.09,0.808,64.578,0.69,0.735
Chaotic,Random,Explore,0.662,0.516,0.698,71.79,0.945,0.992
Chaotic,Balanced,Defend,0.688,1.686,0.527,59.811,0.632,0.629
Calm,Aggressive,Communicate,0.5,1.685,0.467,52.562,0.435,0.37
Stealth,Aggressive,Hide,0.894,2.62,0.26,11.061,0.525,0.226
Chaotic,Defensive,Explore,0.929,0.955,0.648,70.891,0.2,0.873
Combat,Random,Communicate,0.613,1.851,0.498,69.742,0.751,0.815
Stealth,Defensive,Defend,0.759,1.939,0.484,41.851,0.746,0.234
Stealth,Balanced,Communicate,0.695,1.963,0.512,67.065,0.146,0.201
Chaotic,Aggressive,Attack,0.31,0.937,0.717,78.563,0.878,0.715
Calm,Aggressive,Explore,0.7,1.425,0.675,70.778,0.269,0.315
Chaotic,Aggressive,Defend,0.719,1.279,0.333,46.087,0.982,0.306
Calm,Balanced,Hide,0.934,2.607,0.335,15.851,0.383,0.152
Combat,Balanced,Defend,0.743,1.663,0.53,43.196,0.178,0.264
Stealth,Defensive,Hide,0.971,2.979,0.168,15.713,0.352,0.428
Combat,Defensive,Defend,0.776,1.028,0.44,52.956,0.44,0.733
Calm,Defensive,Communicate,0.659,1.919,0.432,60.203,0.069,0.336
Calm,Random,Communicate,0.682,1.058,0.495,60.832,0.578,0.329
Combat,Aggressive,Communicate,0.518,1.743,0.437,59.597,0.598,0.285
Calm,Aggressive,Attack,0.584,0.278,0.828,89.261,0.739,0.478
Combat,Defensive,Hide,0.965,2.501,0.34,21.88,0.029,0.181
Stealth,Aggressive,Communicate,0.56,1.722,0.418,69.412,0.541,0.486
Combat,Defensive,Attack,0.561,0.656,0.81,83.2,0.053,0.704
Stealth,Random,Hide,0.812,2.503,0.287,25.179,0.701,0.03
Combat,Random,Defend,0.68,1.201,0.503,59.271,0.056,0.01
Calm,Balanced,Attack,0.591,0.214,0.751,93.761,0.912,0.075
Combat,Random,Explore,0.895,0.853,0.889,62.355,0.702,0.536
Calm,Defensive,Attack,0.374,0.526,0.798,79.794,0.507,0.854
Combat,Random,Attack,0.415,0.505,0.757,90.537,0.442,0.005
Combat,Balanced,Hide,0.919,2.187,0.4,17.509,0.131,0.937
Chaotic,Aggressive,Defend,0.686,1.24,0.492,34.455,0.291,0.106
Calm,Defensive,Explore,0.89,1.425,0.833,63.48,0.869,0.842
Chaotic,Aggressive,Communicate,0.634,1.518,0.466,42.291,0.904,0.483
Calm,Balanced,Communicate,0.696,1.093,0.435,46.439,0.001,0.659
Chaotic,Balanced,Attack,0.342,0.519,0.829,87.202,0.594,0.511
Stealth,Balanced,Hide,0.832,2.709,0.209,24.272,0.719,0.477
Combat,Aggressive,Hide,0.824,2.84,0.24,19.98,0.619,0.835
Calm,Aggressive,Communicate,0.517,1.677,0.433,42.879,0.082,0.756
Calm,Aggressive,Explore,0.675,0.64,0.867,78.432,0.218,0.483
Combat,Aggressive,Defend,0.605,1.92,0.346,40.058,0.25,0.112
Calm,Balanced,Explore,0.843,1.46,0.714,64.953,0.832,0.115
Calm,Balanced,Defend,0.771,1.935,0.33,30.321,0.463,0.802
Chaotic,Defensive,Communicate,0.575,1.508,0.409,52.802,0.487,0.529
Calm,Defensive,Defend,0.622,1.17,0.401,32.571,0.935,0.482
Stealth,Aggressive,Hide,0.851,2.801,0.138,34.928,0.637,0.681
Stealth,Random,Attack,0.539,0.8,0.792,75.258,0.899,0.859
Combat,Random,Attack,0.227,0.487,0.906,94.872,0.457,0.629
Calm,Balanced,Communicate,0.662,1.965,0.531,45.577,0.149,0.763
Combat,Balanced,Hide,0.917,2.789,0.383,24.153,0.93,0.765
Stealth,Balanced,Explore,0.774,0.604,0.694,84.128,0.459,0.356
Calm,Defensive,Hide,0.897,2.092,0.146,39.879,0.182,0.274
Calm,Defensive,Attack,0.456,0.29,0.734,79.503,0.302,0.801
Combat,Balanced,Attack,0.419,0.229,0.916,97.534,0.051,0.377
Stealth,Balanced,Hide,0.971,2.382,0.179,16.324,0.468,0.903
Calm,Balanced,Hide,0.989,2.11,0.297,31.373,0.853,0.07
Combat,Random,Attack,0.439,0.628,0.988,92.774,0.934,0.058
Stealth,Defensive,Explore,0.897,0.647,0.84,75.757,0.933,0.927
Combat,Random,Communicate,0.51,1.025,0.548,57.027,0.125,0.648
Chaotic,Random,Communicate,0.572,1.063,0.435,59.806,0.382,0.38
Calm,Balanced,Hide,0.947,2.736,0.239,15.193,0.028,0.755
Chaotic,Balanced,Communicate,0.607,1.309,0.589,51.144,0.855,0.672
Stealth,Aggressive,Attack,0.389,0.676,0.996,83.532,0.359,0.531
Chaotic,Aggressive,Attack,0.436,0.639,0.986,88.587,0.631,0.099
Chaotic,Random,Hide,0.902,2.219,0.28,17.88,0.715,0.812
Stealth,Defensive,Hide,0.866,2.818,0.194,28.447,0.43,0.866
Combat,Balanced,Hide,0.827,2.658,0.377,12.879,0.306,0.172
Chaotic,Balanced,Explore,0.716,0.771,0.888,84.492,0.962,0.851
Combat,Random,Communicate,0.634,1.798,0.58,47.841,0.964,0.878
Chaotic,Aggressive,Hide,0.896,2.797,0.368,35.154,0.289,0.549
Combat,Defensive,Defend,0.417,1.475,0.383,44.625,0.48,0.656
Stealth,Aggressive,Defend,0.713,1.518,0.58,44.82,0.973,0.382
Chaotic,Aggressive,Attack,0.431,0.645,0.735,82.593,0.005,0.282
Stealth,Aggressive,Communicate,0.5,1.484,0.445,47.166,0.413,0.722
Chaotic,Aggressive,Hide,0.803,2.896,0.208,34.059,0.1,0.862
Stealth,Balanced,Defend,0.637,1.44,0.315,35.8,0.509,0.654
Stealth,Balanced,Communicate,0.615,1.888,0.542,64.649,0.025,0.512
Chaotic,Aggressive,Attack,0.47,0.526,0.867,78.703,0.407,0.159
Chaotic,Defensive,Explore,0.801,0.838,0.748,61.425,0.221,0.053
Chaotic,Random,Communicate,0.524,1.584,0.415,51.579,0.533,0.446
Calm,Defensive,Communicate,0.614,1.041,0.47,42.041,0.996,0.049
Combat,Defensive,Explore,0.925,1.069,0.686,60.351,0.801,0.569
Calm,Defensive,Communicate,0.602,1.707,0.493,65.303,0.846,0.383
Calm,Aggressive,Attack,0.505,0.395,0.854,77.046,0.635,0.757
Stealth,Balanced,Attack,0.522,0.57,0.816,71.793,0.042,0.306
Chaotic,Defensive,Explore,0.836,1.23,0.698,85.364,0.207,0.593
Combat,Aggressive,Hide,0.883,2.63,0.15,24.431,0.925,0.538
Stealth,Defensive,Defend,0.798,1.603,0.545,45.462,0.366,0.005
Calm,Defensive,Hide,0.829,2.215,0.201,36.02,0.104,0.072
Chaotic,Aggressive,Communicate,0.502,1.962,0.441,49.405,0.702,0.29
Stealth,Balanced,Defend,0.471,1.09,0.369,52.646,0.299,0.882
Chaotic,Balanced,Explore,0.825,1.447,0.833,75.576,0.269,0.147
Stealth,Random,Explore,0.603,1.129,0.733,71.847,0.998,0.711
Chaotic,Aggressive,Defend,0.667,1.409,0.347,50.079,0.858,0.973
Calm,Random,Attack,0.56,0.775,0.933,91.895,0.408,0.791
Combat,Random,Defend,0.481,1.551,0.305,58.205,0.98,0.243
Calm,Random,Communicate,0.511,1.935,0.573,63.92,0.65,0.908
Combat,Balanced,Attack,0.358,0.674,0.766,83.234,0.742,0.093
Chaotic,Aggressive,Explore,0.736,1.442,0.822,75.233,0.032,0.468
Stealth,Random,Defend,0.763,1.009,0.43,59.01,0.122,0.888
Calm,Aggressive,Hide,0.872,2.997,0.146,25.155,0.633,0.641
Combat,Aggressive,Hide,0.853,2.258,0.33,22.205,0.899,0.414
Calm,Balanced,Communicate,0.543,1.477,0.439,69.131,0.624,0.293
Combat,Random,Hide,0.896,2.805,0.35,20.61,0.134,0.375
Calm,Random,Defend,0.64,1.566,0.305,50.986,0.116,0.509
Combat,Aggressive,Defend,0.621,1.242,0.425,49.383,0.844,0.319
Combat,Defensive,Hide,0.982,2.826,0.167,32.456,0.139,0.969
Chaotic,Balanced,Defend,0.434,1.497,0.349,39.044,0.52,0.933
Combat,Balanced,Communicate,0.613,1.085,0.569,51.64,0.037,0.871
Chaotic,Balanced,Attack,0.406,0.836,0.849,86.385,0.081,0.422
Combat,Balanced,Communicate,0.582,1.184,0.492,40.966,0.672,0.691
Stealth,Random,Communicate,0.551,1.574,0.516,67.209,0.689,0.903
Stealth,Random,Defend,0.621,1.106,0.466,53.281,0.341,0.85
Stealth,Defensive,Attack,0.395,0.908,0.836,86.959,0.216,0.414
Combat,Balanced,Defend,0.634,1.41,0.342,43.864,0.814,0.112
Chaotic,Balanced,Explore,0.76,0.829,0.82,66.505,0.217,0.076
Chaotic,Aggressive,Defend,0.425,1.155,0.444,45.431,0.542,0.577
Combat,Random,Defend,0.482,1.789,0.51,36.977,0.968,0.643
Stealth,Balanced,Defend,0.642,1.964,0.427,49.951,0.148,0.85
Stealth,Defensive,Attack,0.445,0.664,0.746,90.926,0.941,0.293
Chaotic,Defensive,Defend,0.736,1.943,0.486,43.064,0.183,0.167
Stealth,Random,Attack,0.486,0.716,0.956,86.531,0.567,0.379
Calm,Defensive,Hide,0.983,2.695,0.118,24.216,0.377,0.354
Chaotic,Defensive,Explore,0.889,1.362,0.873,69.549,0.965,0.132
Stealth,Random,Attack,0.305,0.298,0.841,76.859,0.274,0.672
Chaotic,Balanced,Hide,0.955,2.228,0.315,22.853,0.4,0.509
Calm,Balanced,Attack,0.256,0.955,0.834,96.245,0.983,0.721
Chaotic,Defensive,Attack,0.39,0.454,0.873,74.821,0.536,0.353
Chaotic,Defensive,Explore,0.997,1.109,0.871,82.495,0.503,0.326
Chaotic,Balanced,Communicate,0.548,1.121,0.483,42.272,0.258,0.473
Chaotic,Random,Communicate,0.653,1.978,0.455,66.116,0.701,0.877
Calm,Defensive,Attack,0.236,0.978,0.708,82.362,0.014,0.04
Combat,Aggressive,Defend,0.703,1.756,0.441,47.928,0.05,0.805
Chaotic,Random,Hide,0.907,2.538,0.239,36.13,0.599,0.369
Chaotic,Defensive,Defend,0.451,1.016,0.509,57.707,0.342,0.855
Stealth,Defensive,Defend,0.613,1.267,0.479,53.042,0.953,0.802
Chaotic,Aggressive,Attack,0.374,0.296,0.885,72.186,0.903,0.349
Stealth,Aggressive,Attack,0.33,0.219,0.755,89.476,0.714,0.694
Combat,Balanced,Attack,0.526,0.269,0.827,70.904,0.818,0.16
Calm,Random,Attack,0.306,0.627,0.933,78.571,0.667,0.896
Calm,Random,Communicate,0.617,1.371,0.498,48.18,0.126,0.404
Combat,Balanced,Attack,0.59,0.686,0.994,71.624,0.766,0.456
Calm,Random,Communicate,0.647,1.728,0.473,49.764,0.21,0.706
Combat,Random,Communicate,0.539,1.549,0.584,43.829,0.323,0.821
Combat,Random,Attack,0.208,0.358,0.964,78.367,0.819,0.236
Combat,Random,Explore,0.842,1.492,0.717,63.827,0.537,0.661
Calm,Random,Hide,0.88,2.771,0.254,30.143,0.86,0.392
Stealth,Aggressive,Defend,0.511,1.776,0.45,47.696,0.213,0.369
Combat,Random,Communicate,0.685,1.411,0.591,69.503,0.608,0.69
Chaotic,Aggressive,Hide,0.912,2.079,0.258,32.253,0.084,0.387
Calm,Random,Explore,0.884,0.917,0.684,67.535,0.643,0.346
Combat,Balanced,Defend,0.59,1.299,0.358,55.744,0.763,0.836
Combat,Defensive,Defend,0.711,1.813,0.4,31.853,0.585,0.101
Chaotic,Aggressive,Communicate,0.613,1.974,0.494,66.222,0.266,0.676
Stealth,Random,Attack,0.35,0.65,0.958,86.131,0.031,0.249
Stealth,Balanced,Explore,0.622,1.092,0.635,64.975,0.119,0.015
Stealth,Defensive,Communicate,0.562,1.932,0.566,47.463,0.622,0.167
Combat,Aggressive,Explore,0.666,1.109,0.735,67.415,0.934,0.607
Combat,Defensive,Attack,0.381,0.325,0.917,85.379,0.207,0.709
Combat,Balanced,Attack,0.52,0.551,0.898,82.627,0.735,0.021
Calm,Aggressive,Communicate,0.68,1.711,0.496,61.457,0.866,0.036
Chaotic,Defensive,Attack,0.598,0.351,0.748,77.57,0.521,0.903
Combat,Random,Hide,0.926,2.394,0.338,21.499,0.669,0.073
Chaotic,Aggressive,Defend,0.766,1.502,0.567,36.629,0.815,0.894
Chaotic,Defensive,Communicate,0.521,1.381,0.535,67.075,0.261,0.228
Stealth,Balanced,Explore,0.628,1.042,0.749,72.187,0.297,0.74
Calm,Balanced,Hide,0.883,2.805,0.18,30.834,0.001,0.31
Combat,Aggressive,Communicate,0.56,1.227,0.564,43.616,0.963,0.859
Stealth,Defensive,Attack,0.506,0.534,0.716,91.037,0.918,0.7
Stealth,Aggressive,Attack,0.313,0.21,0.817,98.597,0.765,0.402
Combat,Aggressive,Attack,0.313,0.857,0.989,77.147,0.079,0.076
Chaotic,Defensive,Attack,0.332,0.392,0.796,83.571,0.448,0.733
Stealth,Defensive,Explore,0.829,0.642,0.844,87.896,0.102,0.617
Chaotic,Random,Hide,0.971,2.088,0.262,21.413,0.016,0.003
Calm,Defensive,Defend,0.576,1.602,0.365,31.327,0.616,0.009
Chaotic,Balanced,Explore,0.624,1.424,0.777,83.546,0.961,0.809
Calm,Aggressive,Explore,0.905,1.32,0.614,69.917,0.903,0.259
Chaotic,Aggressive,Defend,0.771,1.779,0.494,30.167,0.697,0.636
Stealth,Balanced,Defend,0.765,1.773,0.332,59.778,0.097,0.454
Stealth,Defensive,Attack,0.219,0.814,0.905,77.295,0.274,0.863
Calm,Balanced,Explore,0.709,1.047,0.741,63.954,0.32,0.917
Combat,Balanced,Communicate,0.694,1.532,0.479,40.694,0.763,0.997
Calm,Random,Defend,0.637,1.271,0.474,34.528,0.802,0.154
Calm,Balanced,Defend,0.577,1.568,0.439,45.06,0.385,0.863
Chaotic,Aggressive,Hide,0.829,2.407,0.395,10.192,0.418,0.266
Chaotic,Balanced,Communicate,0.543,1.802,0.554,64.712,0.045,0.591
Calm,Aggressive,Communicate,0.661,1.108,0.475,53.105,0.289,0.506
Stealth,Aggressive,Defend,0.467,1.013,0.528,54.556,0.451,0.018
Chaotic,Aggressive,Attack,0.417,0.438,0.825,94.185,0.117,0.933
Combat,Defensive,Hide,0.804,2.114,0.354,10.895,0.453,0.078
Chaotic,Random,Communicate,0.652,1.066,0.576,57.433,0.853,0.688
Chaotic,Aggressive,Defend,0.506,1.538,0.352,57.071,0.581,0.785
Combat,Aggressive,Communicate,0.545,1.655,0.558,54.484,0.079,0.795
Calm,Defensive,Hide,0.974,2.663,0.367,20.817,0.192,0.135
Combat,Aggressive,Hide,0.983,2.673,0.186,18.033,0.475,0.448
Calm,Balanced,Explore,0.617,1.342,0.891,80.16,0.361,0.829
Calm,Balanced,Defend,0.602,1.356,0.356,41.985,0.359,0.303
Calm,Random,Hide,0.852,2.022,0.336,13.758,0.529,0.468
Combat,Aggressive,Explore,0.926,0.998,0.667,73.145,0.584,0.273
Calm,Defensive,Explore,0.96,1.439,0.655,78.731,0.797,0.464
Stealth,Balanced,Communicate,0.534,1.576,0.443,55.709,0.341,0.888
Combat,Defensive,Communicate,0.579,1.794,0.596,62.518,0.805,0.455
Stealth,Defensive,Explore,0.928,1.073,0.8,75.183,0.339,0.556
Calm,Balanced,Communicate,0.523,1.306,0.528,46.621,0.055,0.404
Chaotic,Defensive,Hide,0.897,2.9,0.365,31.434,0.554,0.46
Calm,Balanced,Attack,0.322,0.945,0.72,70.233,0.588,0.015
Stealth,Defensive,Hide,0.852,2.119,0.388,11.253,0.935,0.284
Stealth,Balanced,Explore,0.781,0.834,0.64,75.751,0.726,0.437
Combat,Aggressive,Explore,0.787,0.68,0.632,78.19,0.918,0.634
Chaotic,Random,Hide,0.851,2.122,0.376,31.122,0.908,0.45
Combat,Balanced,Communicate,0.675,1.205,0.501,42.812,0.605,0.338
Stealth,Balanced,Communicate,0.549,1.049,0.553,52.149,0.528,0.388
Calm,Random,Explore,0.95,1.167,0.612,60.389,0.557,0.242
Chaotic,Balanced,Defend,0.565,1.302,0.429,52.843,0.978,0.924
Calm,Balanced,Communicate,0.641,1.962,0.581,65.112,0.773,0.522
Calm,Defensive,Hide,0.989,2.518,0.172,39.364,0.106,0.013
Chaotic,Random,Communicate,0.671,1.614,0.599,64.723,0.778,0.019
Combat,Aggressive,Hide,0.901,2.472,0.209,22.011,0.171,0.973
Calm,Balanced,Explore,0.633,1.273,0.838,64.694,0.447,0.221
Stealth,Random,Communicate,0.535,1.555,0.457,62.543,0.21,0.806
Calm,Defensive,Hide,0.938,2.195,0.108,16.167,0.69,0.058
Chaotic,Aggressive,Explore,0.958,0.83,0.699,74.189,0.877,0.921
Chaotic,Random,Defend,0.547,1.675,0.344,38.901,0.29,0.874
Chaotic,Aggressive,Hide,0.898,2.468,0.211,11.971,0.082,0.571
Combat,Aggressive,Defend,0.773,1.392,0.501,34.948,0.298,0.009
Calm,Aggressive,Defend,0.614,1.206,0.583,31.891,0.672,0.258
Combat,Balanced,Attack,0.243,0.985,0.898,82.04,0.329,0.407
Combat,Balanced,Communicate,0.516,1.699,0.421,50.518,0.278,0.46
Chaotic,Defensive,Hide,0.926,2.294,0.168,26.073,0.184,0.298
Chaotic,Defensive,Defend,0.661,1.015,0.584,59.594,0.498,0.033
Combat,Random,Attack,0.222,0.914,0.906,85.14,0.276,0.59
Calm,Defensive,Explore,0.892,1.277,0.633,73.122,0.731,0.524
Stealth,Aggressive,Hide,0.917,2.181,0.34,36.832,0.077,0.283
Combat,Aggressive,Defend,0.491,1.327,0.504,52.504,0.664,0.038
Calm,Balanced,Communicate,0.687,1.421,0.457,40.259,0.238,0.995
Chaotic,Aggressive,Attack,0.363,0.245,0.943,73.596,0.489,0.482
Chaotic,Random,Defend,0.49,1.959,0.47,36.023,0.286,0.756
Calm,Aggressive,Communicate,0.689,1.363,0.494,53.202,0.723,0.452
Stealth,Aggressive,Defend,0.553,1.159,0.511,52.637,0.945,0.043
Chaotic,Random,Hide,0.819,2.822,0.313,10.153,0.917,0.31
Chaotic,Defensive,Hide,0.835,2.457,0.135,31.569,0.583,0.32
Chaotic,Defensive,Hide,0.821,2.748,0.219,27.718,0.463,0.838
Calm,Random,Attack,0.377,0.32,0.869,95.656,0.818,0.654
Combat,Balanced,Hide,0.933,2.597,0.282,22.117,0.683,0.275
Chaotic,Aggressive,Communicate,0.544,1.245,0.421,62.468,0.184,0.968
Combat,Random,Defend,0.703,1.39,0.529,30.815,0.821,0.322
Stealth,Aggressive,Explore,0.605,1.285,0.765,87.074,0.429,0.998
Chaotic,Balanced,Communicate,0.682,1.958,0.524,46.188,0.189,0.996
Chaotic,Aggressive,Communicate,0.5,1.727,0.407,58.338,0.282,0.191
Stealth,Random,Hide,0.984,2.062,0.294,27.582,0.268,0.313
Chaotic,Aggressive,Attack,0.356,0.95,0.891,76.378,0.519,0.486
Combat,Defensive,Defend,0.617,1.419,0.548,48.737,0.234,0.664
Calm,Balanced,Attack,0.35,0.234,0.93,73.689,0.124,0.528
Combat,Balanced,Defend,0.661,1.556,0.529,38.402,0.124,0.969
Calm,Balanced,Defend,0.657,1.048,0.307,31.594,0.583,0.724
Calm,Random,Attack,0.437,0.784,0.814,87.242,0.735,0.212
Combat,Balanced,Communicate,0.665,1.716,0.561,62.313,0.322,0.105
Combat,Defensive,Defend,0.507,1.636,0.321,40.005,0.035,0.688
Combat,Random,Attack,0.237,0.466,0.965,79.88,0.127,0.158
Combat,Defensive,Defend,0.487,1.585,0.429,34.033,0.915,0.788
Stealth,Aggressive,Explore,0.994,0.837,0.748,66.445,0.494,0.311
Chaotic,Aggressive,Communicate,0.551,1.687,0.46,59.011,0.454,0.327
Calm,Aggressive,Hide,0.826,2.323,0.4,34.106,0.038,0.011
Combat,Aggressive,Defend,0.769,1.372,0.305,44.894,0.729,0.701
Combat,Defensive,Explore,0.953,1.303,0.853,80.949,0.528,0.113
Combat,Random,Hide,0.847,2.214,0.337,27.672,0.202,0.773
Stealth,Random,Hide,0.889,2.781,0.33,31.587,0.11,0.492
Combat,Balanced,Defend,0.723,1.13,0.547,52.684,0.383,0.784
Combat,Defensive,Attack,0.253,0.425,0.928,79.713,0.837,0.584
Combat,Aggressive,Defend,0.61,1.601,0.411,41.909,0.865,0.082
Chaotic,Defensive,Explore,0.788,0.944,0.729,80.334,0.603,0.766
Stealth,Balanced,Hide,0.902,2.699,0.257,18.089,0.728,0.07
Combat,Balanced,Defend,0.603,1.801,0.371,36.119,0.115,0.479
Calm,Defensive,Attack,0.266,0.592,0.867,81.578,0.588,0.172
Calm,Defensive,Defend,0.462,1.622,0.494,57.675,0.667,0.752
Calm,Defensive,Communicate,0.698,1.784,0.59,53.78,0.201,0.912
Stealth,Random,Attack,0.314,0.213,0.952,74.149,0.88,0.554
Stealth,Aggressive,Explore,0.756,1.332,0.818,83.68,0.195,0.527
Calm,Defensive,Hide,0.883,2.307,0.308,23.7,0.313,0.764
Combat,Defensive,Defend,0.448,1.931,0.529,32.192,0.621,0.005
Stealth,Defensive,Attack,0.211,0.811,0.721,85.825,0.638,0.918
Calm,Balanced,Communicate,0.547,1.5,0.445,68.967,0.699,0.197
Calm,Balanced,Attack,0.252,0.877,0.949,89.157,0.112,0.984
Combat,Random,Communicate,0.57,1.827,0.44,45.619,0.849,0.736
Chaotic,Aggressive,Explore,0.91,1.311,0.79,83.138,0.533,0.774
Stealth,Random,Hide,0.893,2.099,0.264,17.964,0.471,0.656
Combat,Aggressive,Explore,0.92,0.585,0.626,76.056,0.981,0.472
Calm,Balanced,Defend,0.488,1.465,0.55,35.37,0.74,0.572
Calm,Balanced,Attack,0.269,0.985,0.925,98.462,0.118,0.046
Combat,Balanced,Communicate,0.672,1.468,0.569,41.837,0.757,0.624
Stealth,Random,Communicate,0.557,1.882,0.407,65.324,0.095,0.626
Chaotic,Defensive,Attack,0.246,0.294,0.966,92.166,0.027,0.891
Chaotic,Defensive,Attack,0.274,0.84,0.706,74.155,0.404,0.506
Calm,Balanced,Defend,0.53,1.053,0.347,30.362,0.994,0.077
Stealth,Defensive,Explore,0.717,1.055,0.893,64.31,0.175,0.306
Chaotic,Defensive,Communicate,0.595,1.902,0.56,44.563,0.673,0.656
Stealth,Random,Defend,0.583,1.423,0.477,54.557,0.173,0.239
Stealth,Aggressive,Explore,0.811,1.378,0.742,65.314,0.725,0.281
Calm,Balanced,Defend,0.732,1.092,0.426,43.186,0.505,0.82
Chaotic,Balanced,Communicate,0.564,1.638,0.485,53.953,0.68,0.584
Combat,Random,Attack,0.326,0.621,0.806,89.852,0.203,0.509
Calm,Random,Attack,0.409,0.304,0.818,87.478,0.746,0.318
Chaotic,Defensive,Explore,0.82,0.789,0.64,72.335,0.996,0.731
Chaotic,Balanced,Hide,0.869,2.833,0.155,31.054,0.666,0.288
Chaotic,Aggressive,Explore,0.619,0.812,0.772,64.369,0.493,0.737
Chaotic,Random,Hide,0.81,2.367,0.394,30.332,0.923,0.07
Chaotic,Aggressive,Defend,0.588,1.575,0.527,50.953,0.016,0.865
Stealth,Aggressive,Defend,0.671,1.166,0.533,36.334,0.73,0.5
Calm,Balanced,Communicate,0.579,1.059,0.452,48.702,0.889,0.439
Stealth,Balanced,Hide,0.919,2.049,0.397,34.311,0.062,0.611
Combat,Random,Communicate,0.614,1.352,0.416,67.718,0.45,0.624
Chaotic,Balanced,Attack,0.566,0.665,0.958,95.76,0.205,0.132
Calm,Balanced,Hide,0.943,2.877,0.197,21.873,0.567,0.756
Chaotic,Balanced,Explore,0.914,0.987,0.859,77.385,0.65,0.276
Calm,Aggressive,Attack,0.534,0.462,0.823,91.14,0.303,0.905
Stealth,Random,Attack,0.403,0.438,0.761,85.018,0.46,0.818
Calm,Defensive,Explore,0.968,0.982,0.826,78.006,0.279,0.346
Combat,Aggressive,Attack,0.544,0.593,0.812,84.932,0.369,0.808
Combat,Balanced,Hide,0.985,2.519,0.205,33.139,0.16,0.356
Calm,Aggressive,Communicate,0.661,1.629,0.402,62.592,0.886,0.101
Calm,Balanced,Attack,0.328,0.282,0.833,77.376,0.01,0.962
Calm,Balanced,Hide,0.921,2.95,0.149,34.152,0.882,0.653
Calm,Aggressive,Defend,0.564,1.763,0.476,35.057,0.572,0.456
Combat,Random,Hide,0.825,2.581,0.179,33.887,0.332,0.398
Chaotic,Balanced,Communicate,0.536,1.757,0.485,42.789,0.723,0.325
Calm,Random,Hide,0.953,2.233,0.247,34.527,0.508,0.981
Calm,Defensive,Explore,0.629,0.951,0.895,73.156,0.499,0.135
Combat,Balanced,Communicate,0.527,1.854,0.48,41.284,0.11,0.315
Combat,Random,Defend,0.772,1.345,0.35,56.996,0.39,0.485
Stealth,Random,Explore,0.923,0.529,0.602,88.764,0.241,0.478
Calm,Defensive,Hide,0.8,2.983,0.246,37.547,0.016,0.471
Stealth,Random,Communicate,0.546,1.67,0.521,69.55,0.36,0.176
Combat,Random,Defend,0.465,1.579,0.522,45.789,0.09,0.145
Combat,Defensive,Explore,0.981,1.219,0.838,67.727,0.257,0.255
Chaotic,Balanced,Defend,0.453,1.721,0.411,50.398,0.093,0.915
Calm,Random,Hide,0.87,2.041,0.288,20.124,0.101,0.113
Stealth,Random,Defend,0.479,1.505,0.436,53.896,0.199,0.757
Combat,Random,Attack,0.267,0.746,0.886,79.078,1.0,0.758
Combat,Aggressive,Explore,0.649,0.793,0.798,64.17,0.002,0.81
Stealth,Defensive,Defend,0.423,1.53,0.525,46.898,0.639,0.887
Chaotic,Aggressive,Hide,0.809,2.574,0.304,23.731,0.141,0.263
Combat,Defensive,Hide,0.95,2.435,0.258,16.721,0.921,0.225
Calm,Balanced,Defend,0.505,1.616,0.443,40.291,0.094,0.466
Combat,Balanced,Hide,0.921,2.849,0.134,28.713,0.955,0.265
Calm,Random,Communicate,0.651,1.894,0.403,56.222,0.611,0.734
Stealth,Defensive,Communicate,0.583,1.748,0.581,53.002,0.001,0.636
Calm,Balanced,Communicate,0.58,1.832,0.411,58.625,0.894,0.875
Stealth,Defensive,Attack,0.482,0.503,0.782,72.449,0.522,0.083
Calm,Balanced,Defend,0.714,1.41,0.395,45.43,0.263,0.915
Stealth,Aggressive,Attack,0.338,0.294,0.948,92.454,0.767,0.293
Calm,Balanced,Hide,0.828,2.261,0.269,22.105,0.927,0.491
Chaotic,Aggressive,Attack,0.407,0.829,0.84,78.616,0.484,0.439
Calm,Balanced,Hide,0.942,2.491,0.209,14.952,0.316,0.76
Calm,Random,Hide,0.912,2.671,0.306,38.739,0.789,0.42
Chaotic,Aggressive,Explore,0.671,0.617,0.827,79.653,0.682,0.944
Combat,Balanced,Communicate,0.643,1.854,0.557,51.256,0.889,0.903
Combat,Random,Hide,0.849,2.738,0.356,20.247,0.693,0.872
Calm,Aggressive,Explore,0.782,1.042,0.643,86.124,0.244,0.071
Chaotic,Random,Communicate,0.579,1.055,0.438,48.21,0.932,0.854
Calm,Defensive,Hide,0.948,2.789,0.229,34.218,0.105,0.782
Stealth,Defensive,Hide,0.881,2.762,0.389,10.962,0.268,0.104
Stealth,Aggressive,Attack,0.524,0.3,0.749,74.776,0.52,0.107
Calm,Balanced,Attack,0.386,0.5,0.861,89.198,0.566,0.101
Combat,Aggressive,Communicate,0.534,1.352,0.417,56.565,0.015,0.011
Combat,Random,Hide,0.87,2.198,0.286,23.931,0.781,0.549
Calm,Balanced,Defend,0.571,1.383,0.379,55.086,0.362,0.973
Calm,Defensive,Attack,0.221,0.236,0.897,76.688,0.406,0.439
Stealth,Balanced,Communicate,0.535,1.758,0.404,41.368,0.809,0.541
Combat,Defensive,Hide,0.968,2.904,0.282,11.884,0.379,0.968
Calm,Balanced,Hide,0.938,2.739,0.181,23.114,0.047,0.255
Stealth,Balanced,Defend,0.739,1.317,0.342,34.702,0.176,0.858
Combat,Balanced,Communicate,0.559,1.738,0.423,60.681,0.956,0.546
Chaotic,Random,Hide,0.999,2.932,0.397,26.879,0.07,0.569
Stealth,Random,Attack,0.243,0.284,0.85,91.172,0.355,0.343
Combat,Aggressive,Defend,0.485,1.402,0.321,47.37,0.503,0.562
Combat,Aggressive,Communicate,0.648,1.708,0.531,63.869,0.493,0.073
Stealth,Defensive,Defend,0.628,1.395,0.52,58.115,0.004,0.765
Chaotic,Random,Attack,0.323,0.477,0.761,74.748,0.501,0.285
Stealth,Defensive,Communicate,0.678,1.18,0.537,66.248,0.384,0.888
Combat,Aggressive,Defend,0.562,1.448,0.443,54.109,0.972,0.368
Calm,Defensive,Explore,0.646,1.281,0.604,60.428,0.159,0.143
Calm,Aggressive,Attack,0.326,0.924,0.9,88.151,0.354,0.696
Stealth,Random,Attack,0.314,0.377,0.828,96.106,0.419,0.165
Combat,Balanced,Attack,0.446,0.358,0.931,89.047,0.391,0.754
Calm,Random,Explore,0.87,1.266,0.874,83.003,0.666,0.968
Combat,Defensive,Explore,0.906,0.736,0.818,77.224,0.216,0.78
Stealth,Defensive,Hide,0.857,2.533,0.134,21.59,0.221,0.022
Calm,Random,Defend,0.456,1.835,0.414,38.527,0.729,0.6
Combat,Random,Hide,0.991,2.653,0.349,20.556,0.5,0.695
Calm,Aggressive,Defend,0.445,1.475,0.409,33.166,0.415,0.825
Stealth,Defensive,Explore,0.82,1.317,0.9,70.744,0.169,0.056
Combat,Defensive,Explore,0.805,0.735,0.864,64.245,0.188,0.48
Calm,Random,Hide,0.937,2.374,0.214,20.018,0.011,0.535
Stealth,Balanced,Communicate,0.589,1.249,0.572,59.167,0.091,0.169
Calm,Defensive,Hide,0.881,2.647,0.204,34.196,0.557,0.322
Calm,Balanced,Defend,0.588,1.504,0.532,52.63,0.892,0.44
Chaotic,Random,Hide,0.921,2.431,0.159,29.512,0.287,0.833
Chaotic,Random,Attack,0.569,0.569,0.72,78.894,0.328,0.929
Stealth,Aggressive,Defend,0.563,1.887,0.304,31.97,0.116,0.628
Chaotic,Defensive,Defend,0.72,1.154,0.348,30.229,0.389,0.395
Stealth,Balanced,Communicate,0.68,1.16,0.523,41.791,0.037,0.254
Chaotic,Aggressive,Explore,0.916,0.563,0.776,70.399,0.918,0.982
Calm,Defensive,Defend,0.781,1.447,0.441,49.105,0.673,0.983
Stealth,Aggressive,Explore,0.854,1.297,0.806,73.222,0.991,0.925
Stealth,Random,Hide,0.975,2.113,0.348,36.354,0.883,0.786
Calm,Defensive,Attack,0.247,0.788,0.901,87.563,0.473,0.326
Stealth,Aggressive,Communicate,0.681,1.119,0.438,44.789,0.52,0.817
Stealth,Aggressive,Explore,0.724,1.406,0.766,60.566,0.191,0.409
Chaotic,Balanced,Defend,0.605,1.27,0.369,41.097,0.462,0.327
Stealth,Aggressive,Explore,0.98,0.534,0.688,87.078,0.903,0.745
Combat,Defensive,Defend,0.679,1.371,0.551,53.963,0.051,0.08
Calm,Defensive,Explore,0.845,1.259,0.621,80.899,0.864,0.049
Chaotic,Balanced,Defend,0.708,1.347,0.449,51.078,0.341,0.448
Chaotic,Defensive,Hide,0.842,2.846,0.205,36.815,0.9,0.446
Combat,Random,Defend,0.704,1.267,0.463,40.667,0.941,0.896
Calm,Defensive,Defend,0.514,1.465,0.529,44.146,0.671,0.126
Calm,Defensive,Attack,0.461,0.926,0.994,76.853,0.664,0.123
Chaotic,Aggressive,Defend,0.599,1.344,0.418,51.127,0.453,0.147
Stealth,Aggressive,Attack,0.343,0.616,0.82,99.854,0.836,0.03
Chaotic,Defensive,Communicate,0.671,1.99,0.544,60.895,0.962,0.072
Calm,Balanced,Attack,0.355,0.733,0.712,86.183,0.775,0.66
Combat,Aggressive,Hide,0.968,2.997,0.313,15.83,0.622,0.432
Chaotic,Balanced,Attack,0.372,0.713,0.808,93.124,0.607,0.764
Calm,Defensive,Communicate,0.682,1.609,0.566,57.023,0.849,0.993
Chaotic,Defensive,Hide,0.846,2.404,0.349,11.171,0.541,0.659
Stealth,Random,Explore,0.946,1.045,0.785,60.461,0.804,0.05
Chaotic,Aggressive,Explore,0.814,1.028,0.85,87.978,0.509,0.105
Chaotic,Defensive,Attack,0.54,0.513,0.973,95.342,0.062,0.881
Calm,Random,Attack,0.514,0.38,0.722,71.565,0.384,0.527
Calm,Aggressive,Communicate,0.615,1.648,0.417,62.257,0.444,0.825
Calm,Defensive,Communicate,0.647,1.226,0.474,64.967,0.142,0.857
Chaotic,Defensive,Defend,0.528,1.548,0.398,44.308,0.102,0.928
Stealth,Aggressive,Communicate,0.579,1.575,0.586,42.488,0.535,0.95
Combat,Aggressive,Defend,0.679,1.609,0.596,42.76,0.085,0.555
Combat,Aggressive,Hide,0.983,2.144,0.271,12.148,0.303,0.341
Calm,Defensive,Attack,0.471,0.685,0.968,83.147,0.745,0.962
Calm,Defensive,Hide,0.978,2.095,0.22,37.272,0.964,0.547
Chaotic,Random,Communicate,0.602,1.044,0.541,41.594,0.718,0.064
Combat,Balanced,Hide,0.934,2.855,0.237,22.123,0.993,0.643
Calm,Aggressive,Hide,0.808,2.105,0.249,30.757,0.698,0.588
Stealth,Defensive,Hide,0.825,2.092,0.4,34.437,0.294,0.896
Stealth,Defensive,Communicate,0.615,1.063,0.406,57.037,0.672,0.653
Calm,Aggressive,Hide,0.884,2.667,0.294,12.715,0.702,0.349
Calm,Balanced,Defend,0.757,1.537,0.322,35.307,0.372,0.966
Combat,Aggressive,Communicate,0.686,1.98,0.572,68.315,0.018,0.802
Combat,Balanced,Hide,0.975,2.927,0.202,19.074,0.703,0.63
Chaotic,Defensive,Communicate,0.553,1.904,0.478,62.965,0.022,0.293
Combat,Balanced,Explore,0.642,1.324,0.768,80.934,0.631,0.374
Stealth,Random,Defend,0.775,1.482,0.455,52.126,0.164,0.67
Stealth,Defensive,Hide,0.842,2.357,0.136,20.322,0.566,0.072
Calm,Random,Explore,0.873,1.281,0.889,70.534,0.504,0.257
Combat,Aggressive,Explore,0.828,0.906,0.714,76.632,0.014,0.714
Chaotic,Aggressive,Communicate,0.565,1.196,0.555,58.961,0.363,0.48
Stealth,Aggressive,Explore,0.991,1.253,0.674,64.519,0.601,0.402
Stealth,Balanced,Defend,0.534,1.733,0.574,37.301,0.849,0.151
Chaotic,Defensive,Defend,0.484,1.474,0.402,52.61,0.889,0.442
Chaotic,Aggressive,Attack,0.481,0.625,0.825,70.286,0.484,0.771
Stealth,Aggressive,Defend,0.773,1.491,0.433,30.632,0.728,0.264
Stealth,Defensive,Explore,0.694,0.684,0.609,85.278,0.316,0.005
Chaotic,Aggressive,Defend,0.568,1.769,0.535,33.03,0.342,0.669
Stealth,Random,Communicate,0.57,1.762,0.404,57.105,0.194,0.973
Calm,Defensive,Attack,0.446,0.767,0.935,74.366,0.562,0.607
Calm,Defensive,Explore,0.773,0.895,0.653,74.059,0.315,0.12
Chaotic,Defensive,Attack,0.311,0.586,0.8,88.459,0.084,0.321
Combat,Random,Explore,0.912,1.012,0.865,68.055,0.685,0.868
Chaotic,Defensive,Communicate,0.552,1.164,0.41,57.47,0.708,0.233
Chaotic,Random,Attack,0.448,0.67,0.803,94.626,0.36,0.608
Combat,Defensive,Hide,0.902,2.36,0.318,36.829,0.077,0.403
Combat,Balanced,Explore,0.822,0.536,0.875,70.007,0.426,0.208
Combat,Aggressive,Hide,0.98,2.418,0.372,20.037,0.442,0.813
Calm,Balanced,Attack,0.473,0.951,0.702,88.002,0.669,0.743
Stealth,Aggressive,Hide,0.977,2.264,0.268,33.045,0.315,0.662
Calm,Random,Hide,0.868,2.981,0.37,35.009,0.683,0.236
Stealth,Balanced,Attack,0.292,0.97,0.701,70.217,0.871,0.098
Calm,Defensive,Communicate,0.686,1.393,0.533,62.138,0.237,0.576
Stealth,Aggressive,Hide,0.809,2.659,0.163,36.159,0.979,0.554
Calm,Aggressive,Hide,0.927,2.157,0.315,21.209,0.386,0.188
Combat,Balanced,Communicate,0.544,1.085,0.516,48.195,0.267,0.056
Chaotic,Random,Hide,0.908,2.187,0.127,24.908,0.422,0.081
Calm,Balanced,Hide,0.966,2.586,0.316,37.507,0.094,0.993
Stealth,Random,Hide,0.913,2.919,0.303,17.602,0.126,0.784
Combat,Random,Defend,0.704,1.021,0.578,39.826,0.414,0.922
Calm,Aggressive,Communicate,0.517,1.054,0.536,59.28,0.762,0.195
Calm,Balanced,Hide,0.924,2.66,0.14,30.725,0.9,0.961
Combat,Balanced,Communicate,0.55,1.21,0.494,54.465,0.665,0.143
Calm,Random,Explore,0.681,0.816,0.854,64.371,0.105,0.509
Chaotic,Balanced,Explore,0.653,1.027,0.724,68.509,0.672,0.83
Calm,Defensive,Hide,0.895,2.961,0.259,12.001,0.635,0.35
Chaotic,Defensive,Communicate,0.642,1.944,0.427,61.176,0.806,0.425
Chaotic,Balanced,Communicate,0.592,1.148,0.424,66.901,0.825,0.128
Combat,Balanced,Communicate,0.533,1.865,0.41,52.65,0.868,0.123
Calm,Random,Defend,0.574,1.283,0.397,42.435,0.414,0.62
Combat,Defensive,Explore,0.837,0.843,0.758,64.403,0.698,0.676
Calm,Defensive,Communicate,0.668,1.946,0.589,64.757,0.268,0.777
Calm,Aggressive,Communicate,0.535,1.341,0.458,63.315,0.999,0.557
Stealth,Random,Defend,0.666,1.339,0.44,49.588,0.175,0.646
Calm,Aggressive,Defend,0.492,1.199,0.376,53.062,0.01,0.014
Combat,Defensive,Communicate,0.534,1.618,0.546,48.404,0.149,0.162
Chaotic,Random,Attack,0.204,0.881,0.772,94.134,0.776,0.985
Calm,Balanced,Communicate,0.513,1.434,0.433,45.651,0.447,0.076
Stealth,Random,Communicate,0.553,1.637,0.536,44.096,0.448,0.679
Combat,Balanced,Defend,0.614,1.276,0.452,48.724,0.955,0.176
Calm,Balanced,Defend,0.481,1.31,0.332,32.681,0.92,0.717
Combat,Random,Communicate,0.63,1.092,0.448,43.41,0.311,0.706
Stealth,Balanced,Communicate,0.629,1.516,0.404,42.764,0.209,0.234
Stealth,Aggressive,Communicate,0.507,1.465,0.579,60.244,0.848,0.27
Combat,Defensive,Defend,0.511,1.591,0.39,36.417,0.906,0.655
Calm,Balanced,Communicate,0.687,1.936,0.58,64.024,0.542,0.39
Chaotic,Aggressive,Communicate,0.634,1.567,0.448,63.623,0.629,0.195
Stealth,Balanced,Hide,0.948,2.489,0.124,18.306,0.257,0.732
Calm,Defensive,Attack,0.299,0.305,0.947,79.814,0.801,0.154
Calm,Aggressive,Explore,0.998,0.836,0.668,80.167,0.632,0.856
Chaotic,Defensive,Attack,0.389,0.658,0.802,99.512,0.504,0.515
Stealth,Defensive,Hide,0.828,2.826,0.156,10.747,0.06,0.106
Stealth,Aggressive,Explore,0.742,1.428,0.799,78.117,0.916,0.694
Calm,Aggressive,Communicate,0.556,1.458,0.453,55.47,0.615,0.519
Calm,Aggressive,Hide,0.871,2.131,0.167,18.118,0.193,0.298
Chaotic,Random,Communicate,0.588,1.376,0.481,54.429,0.606,0.423
Chaotic,Aggressive,Defend,0.729,1.872,0.501,42.784,0.677,0.298
Stealth,Aggressive,Hide,0.832,2.297,0.126,39.549,0.526,0.263
Combat,Aggressive,Defend,0.523,1.466,0.342,35.183,0.718,0.164
Stealth,Aggressive,Hide,0.935,2.53,0.172,17.563,0.581,0.363
Calm,Balanced,Hide,0.99,2.406,0.373,28.389,0.948,0.251
Stealth,Random,Defend,0.685,1.561,0.334,35.123,0.054,0.683
Combat,Defensive,Explore,0.718,0.943,0.755,78.854,0.106,0.684
Chaotic,Aggressive,Attack,0.24,0.844,0.904,86.535,0.174,0.502
Combat,Balanced,Communicate,0.658,1.355,0.57,66.825,0.69,0.778
Combat,Balanced,Hide,0.895,2.427,0.329,20.08,0.646,0.841
Combat,Balanced,Communicate,0.648,1.268,0.401,46.586,0.892,0.58
Chaotic,Defensive,Defend,0.701,1.645,0.397,42.057,0.733,0.619
Combat,Aggressive,Communicate,0.645,1.785,0.494,53.809,0.508,0.283
Combat,Random,Defend,0.532,1.174,0.524,38.382,0.992,0.895
Combat,Random,Communicate,0.658,1.631,0.548,54.388,0.266,0.024
Calm,Balanced,Attack,0.496,0.523,0.713,71.728,0.833,0.349
Combat,Defensive,Attack,0.41,0.925,0.731,85.961,0.427,0.722
Chaotic,Defensive,Attack,0.403,0.631,0.994,92.008,0.649,0.08
Combat,Defensive,Attack,0.226,0.719,0.752,96.944,0.727,0.183
Combat,Random,Attack,0.5,0.631,0.858,91.052,0.634,0.589
Chaotic,Balanced,Attack,0.501,0.901,0.947,76.031,0.141,0.56
Combat,Aggressive,Defend,0.53,1.239,0.347,46.957,0.443,0.739
Chaotic,Random,Hide,0.907,2.756,0.3,37.533,0.561,0.813
Combat,Balanced,Communicate,0.668,1.907,0.47,47.503,0.849,0.129
Chaotic,Balanced,Attack,0.439,0.995,0.978,92.365,0.444,0.018
Combat,Aggressive,Defend,0.423,1.222,0.45,34.598,0.919,0.69
Combat,Aggressive,Defend,0.778,1.428,0.459,35.782,0.44,0.301
Calm,Aggressive,Defend,0.428,1.682,0.449,32.578,0.549,0.626
Calm,Defensive,Hide,0.863,2.381,0.237,16.263,0.796,0.151
Combat,Aggressive,Communicate,0.699,1.465,0.453,69.533,0.583,0.469
Combat,Balanced,Hide,0.923,2.291,0.218,24.917,0.96,0.504
Stealth,Aggressive,Explore,0.788,0.621,0.649,89.847,0.66,0.585
